filename,label
Dicrurus_macrocercus/img1.jpg,Dicrurus_macrocercus
Dicrurus_macrocercus/img10.jpg,Dicrurus_macrocercus
Dicrurus_macrocercus/img11.jpg,Dicrurus_macrocercus
Dicrurus_macrocercus/img12.jpg,Dicrurus_macrocercus
Dicrurus_macrocercus/img13.jpg,Dicrurus_macrocercus
Dicrurus_macrocercus/img14.jpg,Dicrurus_macrocercus
Dicrurus_macrocercus/img15.jpg,Dicrurus_macrocercus
Dicrurus_macrocercus/img16.jpg,Dicrurus_macrocercus
Dicrurus_macrocercus/img17.jpg,Dicrurus_macrocercus
Dicrurus_macrocercus/img18.jpg,Dicrurus_macrocercus
Dicrurus_macrocercus/img19.jpg,Dicrurus_macrocercus
Dicrurus_macrocercus/img2.jpg,Dicrurus_macrocercus
Dicrurus_macrocercus/img20.jpg,Dicrurus_macrocercus
Dicrurus_macrocercus/img21.jpg,Dicrurus_macrocercus
Dicrurus_macrocercus/img22.jpg,Dicrurus_macrocercus
Dicrurus_macrocercus/img23.jpg,Dicrurus_macrocercus
Dicrurus_macrocercus/img24.jpg,Dicrurus_macrocercus
Dicrurus_macrocercus/img25.jpg,Dicrurus_macrocercus
Dicrurus_macrocercus/img26.jpg,Dicrurus_macrocercus
Dicrurus_macrocercus/img27.jpg,Dicrurus_macrocercus
Dicrurus_macrocercus/img28.jpg,Dicrurus_macrocercus
Dicrurus_macrocercus/img29.jpg,Dicrurus_macrocercus
Dicrurus_macrocercus/img3.jpg,Dicrurus_macrocercus
Dicrurus_macrocercus/img30.jpg,Dicrurus_macrocercus
Dicrurus_macrocercus/img31.jpg,Dicrurus_macrocercus
Dicrurus_macrocercus/img32.jpg,Dicrurus_macrocercus
Dicrurus_macrocercus/img33.jpg,Dicrurus_macrocercus
Dicrurus_macrocercus/img34.jpg,Dicrurus_macrocercus
Dicrurus_macrocercus/img35.jpg,Dicrurus_macrocercus
Dicrurus_macrocercus/img36.jpg,Dicrurus_macrocercus
Dicrurus_macrocercus/img37.jpg,Dicrurus_macrocercus
Dicrurus_macrocercus/img38.jpg,Dicrurus_macrocercus
Dicrurus_macrocercus/img39.jpg,Dicrurus_macrocercus
Dicrurus_macrocercus/img4.jpg,Dicrurus_macrocercus
Dicrurus_macrocercus/img40.jpg,Dicrurus_macrocercus
Dicrurus_macrocercus/img41.jpg,Dicrurus_macrocercus
Dicrurus_macrocercus/img42.jpg,Dicrurus_macrocercus
Dicrurus_macrocercus/img43.jpg,Dicrurus_macrocercus
Dicrurus_macrocercus/img44.jpg,Dicrurus_macrocercus
Dicrurus_macrocercus/img45.jpg,Dicrurus_macrocercus
Dicrurus_macrocercus/img46.jpg,Dicrurus_macrocercus
Dicrurus_macrocercus/img47.jpg,Dicrurus_macrocercus
Dicrurus_macrocercus/img48.jpg,Dicrurus_macrocercus
Dicrurus_macrocercus/img49.jpg,Dicrurus_macrocercus
Dicrurus_macrocercus/img5.jpg,Dicrurus_macrocercus
Dicrurus_macrocercus/img50.jpg,Dicrurus_macrocercus
Dicrurus_macrocercus/img51.jpg,Dicrurus_macrocercus
Dicrurus_macrocercus/img52.jpg,Dicrurus_macrocercus
Dicrurus_macrocercus/img53.jpg,Dicrurus_macrocercus
Dicrurus_macrocercus/img54.jpg,Dicrurus_macrocercus
Dicrurus_macrocercus/img55.jpg,Dicrurus_macrocercus
Dicrurus_macrocercus/img56.jpg,Dicrurus_macrocercus
Dicrurus_macrocercus/img57.jpg,Dicrurus_macrocercus
Dicrurus_macrocercus/img58.jpg,Dicrurus_macrocercus
Dicrurus_macrocercus/img59.jpg,Dicrurus_macrocercus
Dicrurus_macrocercus/img6.jpg,Dicrurus_macrocercus
Dicrurus_macrocercus/img60.jpg,Dicrurus_macrocercus
Dicrurus_macrocercus/img61.jpg,Dicrurus_macrocercus
Dicrurus_macrocercus/img62.jpg,Dicrurus_macrocercus
Dicrurus_macrocercus/img63.jpg,Dicrurus_macrocercus
Dicrurus_macrocercus/img64.jpg,Dicrurus_macrocercus
Dicrurus_macrocercus/img7.jpg,Dicrurus_macrocercus
Dicrurus_macrocercus/img8.jpg,Dicrurus_macrocercus
Dicrurus_macrocercus/img9.jpg,Dicrurus_macrocercus
Gorsachius_melanolophus/img1.jpg,Gorsachius_melanolophus
Gorsachius_melanolophus/img10.jpg,Gorsachius_melanolophus
Gorsachius_melanolophus/img11.jpg,Gorsachius_melanolophus
Gorsachius_melanolophus/img12.jpg,Gorsachius_melanolophus
Gorsachius_melanolophus/img13.jpg,Gorsachius_melanolophus
Gorsachius_melanolophus/img14.jpg,Gorsachius_melanolophus
Gorsachius_melanolophus/img15.jpg,Gorsachius_melanolophus
Gorsachius_melanolophus/img16.jpg,Gorsachius_melanolophus
Gorsachius_melanolophus/img17.jpg,Gorsachius_melanolophus
Gorsachius_melanolophus/img18.jpg,Gorsachius_melanolophus
Gorsachius_melanolophus/img19.jpg,Gorsachius_melanolophus
Gorsachius_melanolophus/img2.jpg,Gorsachius_melanolophus
Gorsachius_melanolophus/img20.jpg,Gorsachius_melanolophus
Gorsachius_melanolophus/img21.jpg,Gorsachius_melanolophus
Gorsachius_melanolophus/img22.jpg,Gorsachius_melanolophus
Gorsachius_melanolophus/img23.jpg,Gorsachius_melanolophus
Gorsachius_melanolophus/img24.jpg,Gorsachius_melanolophus
Gorsachius_melanolophus/img25.jpg,Gorsachius_melanolophus
Gorsachius_melanolophus/img26.jpg,Gorsachius_melanolophus
Gorsachius_melanolophus/img27.jpg,Gorsachius_melanolophus
Gorsachius_melanolophus/img28.jpg,Gorsachius_melanolophus
Gorsachius_melanolophus/img29.jpg,Gorsachius_melanolophus
Gorsachius_melanolophus/img3.jpg,Gorsachius_melanolophus
Gorsachius_melanolophus/img30.jpg,Gorsachius_melanolophus
Gorsachius_melanolophus/img31.jpg,Gorsachius_melanolophus
Gorsachius_melanolophus/img32.jpg,Gorsachius_melanolophus
Gorsachius_melanolophus/img33.jpg,Gorsachius_melanolophus
Gorsachius_melanolophus/img34.jpg,Gorsachius_melanolophus
Gorsachius_melanolophus/img35.jpg,Gorsachius_melanolophus
Gorsachius_melanolophus/img36.jpg,Gorsachius_melanolophus
Gorsachius_melanolophus/img37.jpg,Gorsachius_melanolophus
Gorsachius_melanolophus/img38.jpg,Gorsachius_melanolophus
Gorsachius_melanolophus/img39.jpg,Gorsachius_melanolophus
Gorsachius_melanolophus/img4.jpg,Gorsachius_melanolophus
Gorsachius_melanolophus/img40.jpg,Gorsachius_melanolophus
Gorsachius_melanolophus/img41.jpg,Gorsachius_melanolophus
Gorsachius_melanolophus/img42.jpg,Gorsachius_melanolophus
Gorsachius_melanolophus/img43.jpg,Gorsachius_melanolophus
Gorsachius_melanolophus/img44.jpg,Gorsachius_melanolophus
Gorsachius_melanolophus/img45.jpg,Gorsachius_melanolophus
Gorsachius_melanolophus/img46.jpg,Gorsachius_melanolophus
Gorsachius_melanolophus/img47.jpg,Gorsachius_melanolophus
Gorsachius_melanolophus/img48.jpg,Gorsachius_melanolophus
Gorsachius_melanolophus/img49.jpg,Gorsachius_melanolophus
Gorsachius_melanolophus/img5.jpg,Gorsachius_melanolophus
Gorsachius_melanolophus/img50.jpg,Gorsachius_melanolophus
Gorsachius_melanolophus/img51.jpg,Gorsachius_melanolophus
Gorsachius_melanolophus/img52.jpg,Gorsachius_melanolophus
Gorsachius_melanolophus/img53.jpg,Gorsachius_melanolophus
Gorsachius_melanolophus/img54.jpg,Gorsachius_melanolophus
Gorsachius_melanolophus/img55.jpg,Gorsachius_melanolophus
Gorsachius_melanolophus/img56.jpg,Gorsachius_melanolophus
Gorsachius_melanolophus/img57.jpg,Gorsachius_melanolophus
Gorsachius_melanolophus/img58.jpg,Gorsachius_melanolophus
Gorsachius_melanolophus/img59.jpg,Gorsachius_melanolophus
Gorsachius_melanolophus/img6.jpg,Gorsachius_melanolophus
Gorsachius_melanolophus/img60.jpg,Gorsachius_melanolophus
Gorsachius_melanolophus/img61.jpg,Gorsachius_melanolophus
Gorsachius_melanolophus/img62.jpg,Gorsachius_melanolophus
Gorsachius_melanolophus/img63.jpg,Gorsachius_melanolophus
Gorsachius_melanolophus/img64.jpg,Gorsachius_melanolophus
Gorsachius_melanolophus/img65.jpg,Gorsachius_melanolophus
Gorsachius_melanolophus/img66.jpg,Gorsachius_melanolophus
Gorsachius_melanolophus/img67.jpg,Gorsachius_melanolophus
Gorsachius_melanolophus/img68.jpg,Gorsachius_melanolophus
Gorsachius_melanolophus/img69.jpg,Gorsachius_melanolophus
Gorsachius_melanolophus/img7.jpg,Gorsachius_melanolophus
Gorsachius_melanolophus/img70.jpg,Gorsachius_melanolophus
Gorsachius_melanolophus/img71.jpg,Gorsachius_melanolophus
Gorsachius_melanolophus/img72.jpg,Gorsachius_melanolophus
Gorsachius_melanolophus/img73.jpg,Gorsachius_melanolophus
Gorsachius_melanolophus/img74.jpg,Gorsachius_melanolophus
Gorsachius_melanolophus/img75.jpg,Gorsachius_melanolophus
Gorsachius_melanolophus/img76.jpg,Gorsachius_melanolophus
Gorsachius_melanolophus/img77.jpg,Gorsachius_melanolophus
Gorsachius_melanolophus/img78.jpg,Gorsachius_melanolophus
Gorsachius_melanolophus/img79.jpg,Gorsachius_melanolophus
Gorsachius_melanolophus/img8.jpg,Gorsachius_melanolophus
Gorsachius_melanolophus/img80.jpg,Gorsachius_melanolophus
Gorsachius_melanolophus/img81.jpg,Gorsachius_melanolophus
Gorsachius_melanolophus/img82.jpg,Gorsachius_melanolophus
Gorsachius_melanolophus/img83.jpg,Gorsachius_melanolophus
Gorsachius_melanolophus/img84.jpg,Gorsachius_melanolophus
Gorsachius_melanolophus/img85.jpg,Gorsachius_melanolophus
Gorsachius_melanolophus/img86.jpg,Gorsachius_melanolophus
Gorsachius_melanolophus/img87.jpg,Gorsachius_melanolophus
Gorsachius_melanolophus/img88.jpg,Gorsachius_melanolophus
Gorsachius_melanolophus/img9.jpg,Gorsachius_melanolophus
Hypsipetes_leucocephalus/img1.jpg,Hypsipetes_leucocephalus
Hypsipetes_leucocephalus/img10.jpg,Hypsipetes_leucocephalus
Hypsipetes_leucocephalus/img11.jpg,Hypsipetes_leucocephalus
Hypsipetes_leucocephalus/img12.jpg,Hypsipetes_leucocephalus
Hypsipetes_leucocephalus/img13.jpg,Hypsipetes_leucocephalus
Hypsipetes_leucocephalus/img14.jpg,Hypsipetes_leucocephalus
Hypsipetes_leucocephalus/img15.jpg,Hypsipetes_leucocephalus
Hypsipetes_leucocephalus/img16.jpg,Hypsipetes_leucocephalus
Hypsipetes_leucocephalus/img17.jpg,Hypsipetes_leucocephalus
Hypsipetes_leucocephalus/img18.jpg,Hypsipetes_leucocephalus
Hypsipetes_leucocephalus/img19.jpg,Hypsipetes_leucocephalus
Hypsipetes_leucocephalus/img2.jpg,Hypsipetes_leucocephalus
Hypsipetes_leucocephalus/img20.jpg,Hypsipetes_leucocephalus
Hypsipetes_leucocephalus/img21.jpg,Hypsipetes_leucocephalus
Hypsipetes_leucocephalus/img22.jpg,Hypsipetes_leucocephalus
Hypsipetes_leucocephalus/img23.jpg,Hypsipetes_leucocephalus
Hypsipetes_leucocephalus/img24.jpg,Hypsipetes_leucocephalus
Hypsipetes_leucocephalus/img25.jpg,Hypsipetes_leucocephalus
Hypsipetes_leucocephalus/img26.jpg,Hypsipetes_leucocephalus
Hypsipetes_leucocephalus/img27.jpg,Hypsipetes_leucocephalus
Hypsipetes_leucocephalus/img28.jpg,Hypsipetes_leucocephalus
Hypsipetes_leucocephalus/img29.jpg,Hypsipetes_leucocephalus
Hypsipetes_leucocephalus/img3.jpg,Hypsipetes_leucocephalus
Hypsipetes_leucocephalus/img30.jpg,Hypsipetes_leucocephalus
Hypsipetes_leucocephalus/img31.jpg,Hypsipetes_leucocephalus
Hypsipetes_leucocephalus/img32.jpg,Hypsipetes_leucocephalus
Hypsipetes_leucocephalus/img33.jpg,Hypsipetes_leucocephalus
Hypsipetes_leucocephalus/img4.jpg,Hypsipetes_leucocephalus
Hypsipetes_leucocephalus/img5.jpg,Hypsipetes_leucocephalus
Hypsipetes_leucocephalus/img6.jpg,Hypsipetes_leucocephalus
Hypsipetes_leucocephalus/img7.jpg,Hypsipetes_leucocephalus
Hypsipetes_leucocephalus/img8.jpg,Hypsipetes_leucocephalus
Hypsipetes_leucocephalus/img9.jpg,Hypsipetes_leucocephalus
Oriolus_traillii/img1.jpg,Oriolus_traillii
Oriolus_traillii/img10.jpg,Oriolus_traillii
Oriolus_traillii/img11.jpg,Oriolus_traillii
Oriolus_traillii/img12.jpg,Oriolus_traillii
Oriolus_traillii/img13.jpg,Oriolus_traillii
Oriolus_traillii/img14.jpg,Oriolus_traillii
Oriolus_traillii/img15.jpg,Oriolus_traillii
Oriolus_traillii/img16.jpg,Oriolus_traillii
Oriolus_traillii/img17.jpg,Oriolus_traillii
Oriolus_traillii/img18.jpg,Oriolus_traillii
Oriolus_traillii/img19.jpg,Oriolus_traillii
Oriolus_traillii/img2.jpg,Oriolus_traillii
Oriolus_traillii/img20.jpg,Oriolus_traillii
Oriolus_traillii/img21.jpg,Oriolus_traillii
Oriolus_traillii/img22.jpg,Oriolus_traillii
Oriolus_traillii/img23.jpg,Oriolus_traillii
Oriolus_traillii/img24.jpg,Oriolus_traillii
Oriolus_traillii/img25.jpg,Oriolus_traillii
Oriolus_traillii/img26.jpg,Oriolus_traillii
Oriolus_traillii/img27.jpg,Oriolus_traillii
Oriolus_traillii/img28.jpg,Oriolus_traillii
Oriolus_traillii/img29.jpg,Oriolus_traillii
Oriolus_traillii/img3.jpg,Oriolus_traillii
Oriolus_traillii/img30.jpg,Oriolus_traillii
Oriolus_traillii/img31.jpg,Oriolus_traillii
Oriolus_traillii/img32.jpg,Oriolus_traillii
Oriolus_traillii/img33.jpg,Oriolus_traillii
Oriolus_traillii/img34.jpg,Oriolus_traillii
Oriolus_traillii/img4.jpg,Oriolus_traillii
Oriolus_traillii/img5.jpg,Oriolus_traillii
Oriolus_traillii/img6.jpg,Oriolus_traillii
Oriolus_traillii/img7.jpg,Oriolus_traillii
Oriolus_traillii/img8.jpg,Oriolus_traillii
Oriolus_traillii/img9.jpg,Oriolus_traillii
Passer_montanus/img1.jpg,Passer_montanus
Passer_montanus/img10.jpg,Passer_montanus
Passer_montanus/img11.jpg,Passer_montanus
Passer_montanus/img12.jpg,Passer_montanus
Passer_montanus/img13.jpg,Passer_montanus
Passer_montanus/img14.jpg,Passer_montanus
Passer_montanus/img15.jpg,Passer_montanus
Passer_montanus/img16.jpg,Passer_montanus
Passer_montanus/img17.jpg,Passer_montanus
Passer_montanus/img18.jpg,Passer_montanus
Passer_montanus/img19.jpg,Passer_montanus
Passer_montanus/img2.jpg,Passer_montanus
Passer_montanus/img20.jpg,Passer_montanus
Passer_montanus/img21.jpg,Passer_montanus
Passer_montanus/img22.jpg,Passer_montanus
Passer_montanus/img23.jpg,Passer_montanus
Passer_montanus/img24.jpg,Passer_montanus
Passer_montanus/img25.jpg,Passer_montanus
Passer_montanus/img26.jpg,Passer_montanus
Passer_montanus/img27.jpg,Passer_montanus
Passer_montanus/img28.jpg,Passer_montanus
Passer_montanus/img29.jpg,Passer_montanus
Passer_montanus/img3.jpg,Passer_montanus
Passer_montanus/img30.jpg,Passer_montanus
Passer_montanus/img31.jpg,Passer_montanus
Passer_montanus/img32.jpg,Passer_montanus
Passer_montanus/img33.jpg,Passer_montanus
Passer_montanus/img34.jpg,Passer_montanus
Passer_montanus/img35.jpg,Passer_montanus
Passer_montanus/img36.jpg,Passer_montanus
Passer_montanus/img37.jpg,Passer_montanus
Passer_montanus/img38.jpg,Passer_montanus
Passer_montanus/img39.jpg,Passer_montanus
Passer_montanus/img4.jpg,Passer_montanus
Passer_montanus/img40.jpg,Passer_montanus
Passer_montanus/img41.jpg,Passer_montanus
Passer_montanus/img42.jpg,Passer_montanus
Passer_montanus/img43.jpg,Passer_montanus
Passer_montanus/img44.jpg,Passer_montanus
Passer_montanus/img45.jpg,Passer_montanus
Passer_montanus/img46.jpg,Passer_montanus
Passer_montanus/img47.jpg,Passer_montanus
Passer_montanus/img48.jpg,Passer_montanus
Passer_montanus/img49.jpg,Passer_montanus
Passer_montanus/img5.jpg,Passer_montanus
Passer_montanus/img50.jpg,Passer_montanus
Passer_montanus/img51.jpg,Passer_montanus
Passer_montanus/img52.jpg,Passer_montanus
Passer_montanus/img53.jpg,Passer_montanus
Passer_montanus/img54.jpg,Passer_montanus
Passer_montanus/img55.jpg,Passer_montanus
Passer_montanus/img56.jpg,Passer_montanus
Passer_montanus/img57.jpg,Passer_montanus
Passer_montanus/img58.jpg,Passer_montanus
Passer_montanus/img59.jpg,Passer_montanus
Passer_montanus/img6.jpg,Passer_montanus
Passer_montanus/img60.jpg,Passer_montanus
Passer_montanus/img61.jpg,Passer_montanus
Passer_montanus/img62.jpg,Passer_montanus
Passer_montanus/img63.jpg,Passer_montanus
Passer_montanus/img64.jpg,Passer_montanus
Passer_montanus/img65.jpg,Passer_montanus
Passer_montanus/img66.jpg,Passer_montanus
Passer_montanus/img7.jpg,Passer_montanus
Passer_montanus/img8.jpg,Passer_montanus
Passer_montanus/img9.jpg,Passer_montanus
Pycnonotus_taivanus/img1.jpg,Pycnonotus_taivanus
Pycnonotus_taivanus/img10.jpg,Pycnonotus_taivanus
Pycnonotus_taivanus/img100.jpg,Pycnonotus_taivanus
Pycnonotus_taivanus/img101.jpg,Pycnonotus_taivanus
Pycnonotus_taivanus/img102.jpg,Pycnonotus_taivanus
Pycnonotus_taivanus/img103.jpg,Pycnonotus_taivanus
Pycnonotus_taivanus/img104.jpg,Pycnonotus_taivanus
Pycnonotus_taivanus/img105.jpg,Pycnonotus_taivanus
Pycnonotus_taivanus/img106.jpg,Pycnonotus_taivanus
Pycnonotus_taivanus/img11.jpg,Pycnonotus_taivanus
Pycnonotus_taivanus/img12.jpg,Pycnonotus_taivanus
Pycnonotus_taivanus/img13.jpg,Pycnonotus_taivanus
Pycnonotus_taivanus/img14.jpg,Pycnonotus_taivanus
Pycnonotus_taivanus/img15.jpg,Pycnonotus_taivanus
Pycnonotus_taivanus/img16.jpg,Pycnonotus_taivanus
Pycnonotus_taivanus/img17.jpg,Pycnonotus_taivanus
Pycnonotus_taivanus/img18.jpg,Pycnonotus_taivanus
Pycnonotus_taivanus/img19.jpg,Pycnonotus_taivanus
Pycnonotus_taivanus/img2.jpg,Pycnonotus_taivanus
Pycnonotus_taivanus/img20.jpg,Pycnonotus_taivanus
Pycnonotus_taivanus/img21.jpg,Pycnonotus_taivanus
Pycnonotus_taivanus/img22.jpg,Pycnonotus_taivanus
Pycnonotus_taivanus/img23.jpg,Pycnonotus_taivanus
Pycnonotus_taivanus/img24.jpg,Pycnonotus_taivanus
Pycnonotus_taivanus/img25.jpg,Pycnonotus_taivanus
Pycnonotus_taivanus/img26.jpg,Pycnonotus_taivanus
Pycnonotus_taivanus/img27.jpg,Pycnonotus_taivanus
Pycnonotus_taivanus/img28.jpg,Pycnonotus_taivanus
Pycnonotus_taivanus/img29.jpg,Pycnonotus_taivanus
Pycnonotus_taivanus/img3.jpg,Pycnonotus_taivanus
Pycnonotus_taivanus/img30.jpg,Pycnonotus_taivanus
Pycnonotus_taivanus/img31.jpg,Pycnonotus_taivanus
Pycnonotus_taivanus/img32.jpg,Pycnonotus_taivanus
Pycnonotus_taivanus/img33.jpg,Pycnonotus_taivanus
Pycnonotus_taivanus/img34.jpg,Pycnonotus_taivanus
Pycnonotus_taivanus/img35.jpg,Pycnonotus_taivanus
Pycnonotus_taivanus/img36.jpg,Pycnonotus_taivanus
Pycnonotus_taivanus/img37.jpg,Pycnonotus_taivanus
Pycnonotus_taivanus/img38.jpg,Pycnonotus_taivanus
Pycnonotus_taivanus/img39.jpg,Pycnonotus_taivanus
Pycnonotus_taivanus/img4.jpg,Pycnonotus_taivanus
Pycnonotus_taivanus/img40.jpg,Pycnonotus_taivanus
Pycnonotus_taivanus/img41.jpg,Pycnonotus_taivanus
Pycnonotus_taivanus/img42.jpg,Pycnonotus_taivanus
Pycnonotus_taivanus/img43.jpg,Pycnonotus_taivanus
Pycnonotus_taivanus/img44.jpg,Pycnonotus_taivanus
Pycnonotus_taivanus/img45.jpg,Pycnonotus_taivanus
Pycnonotus_taivanus/img46.jpg,Pycnonotus_taivanus
Pycnonotus_taivanus/img47.jpg,Pycnonotus_taivanus
Pycnonotus_taivanus/img48.jpg,Pycnonotus_taivanus
Pycnonotus_taivanus/img49.jpg,Pycnonotus_taivanus
Pycnonotus_taivanus/img5.jpg,Pycnonotus_taivanus
Pycnonotus_taivanus/img50.jpg,Pycnonotus_taivanus
Pycnonotus_taivanus/img51.jpg,Pycnonotus_taivanus
Pycnonotus_taivanus/img52.jpg,Pycnonotus_taivanus
Pycnonotus_taivanus/img53.jpg,Pycnonotus_taivanus
Pycnonotus_taivanus/img54.jpg,Pycnonotus_taivanus
Pycnonotus_taivanus/img55.jpg,Pycnonotus_taivanus
Pycnonotus_taivanus/img56.jpg,Pycnonotus_taivanus
Pycnonotus_taivanus/img57.jpg,Pycnonotus_taivanus
Pycnonotus_taivanus/img58.jpg,Pycnonotus_taivanus
Pycnonotus_taivanus/img59.jpg,Pycnonotus_taivanus
Pycnonotus_taivanus/img6.jpg,Pycnonotus_taivanus
Pycnonotus_taivanus/img60.jpg,Pycnonotus_taivanus
Pycnonotus_taivanus/img61.jpg,Pycnonotus_taivanus
Pycnonotus_taivanus/img62.jpg,Pycnonotus_taivanus
Pycnonotus_taivanus/img63.jpg,Pycnonotus_taivanus
Pycnonotus_taivanus/img64.jpg,Pycnonotus_taivanus
Pycnonotus_taivanus/img65.jpg,Pycnonotus_taivanus
Pycnonotus_taivanus/img66.jpg,Pycnonotus_taivanus
Pycnonotus_taivanus/img67.jpg,Pycnonotus_taivanus
Pycnonotus_taivanus/img68.jpg,Pycnonotus_taivanus
Pycnonotus_taivanus/img69.jpg,Pycnonotus_taivanus
Pycnonotus_taivanus/img7.jpg,Pycnonotus_taivanus
Pycnonotus_taivanus/img70.jpg,Pycnonotus_taivanus
Pycnonotus_taivanus/img71.jpg,Pycnonotus_taivanus
Pycnonotus_taivanus/img72.jpg,Pycnonotus_taivanus
Pycnonotus_taivanus/img73.jpg,Pycnonotus_taivanus
Pycnonotus_taivanus/img74.jpg,Pycnonotus_taivanus
Pycnonotus_taivanus/img75.jpg,Pycnonotus_taivanus
Pycnonotus_taivanus/img76.jpg,Pycnonotus_taivanus
Pycnonotus_taivanus/img77.jpg,Pycnonotus_taivanus
Pycnonotus_taivanus/img78.jpg,Pycnonotus_taivanus
Pycnonotus_taivanus/img79.jpg,Pycnonotus_taivanus
Pycnonotus_taivanus/img8.jpg,Pycnonotus_taivanus
Pycnonotus_taivanus/img80.jpg,Pycnonotus_taivanus
Pycnonotus_taivanus/img81.jpg,Pycnonotus_taivanus
Pycnonotus_taivanus/img82.jpg,Pycnonotus_taivanus
Pycnonotus_taivanus/img83.jpg,Pycnonotus_taivanus
Pycnonotus_taivanus/img84.jpg,Pycnonotus_taivanus
Pycnonotus_taivanus/img85.jpg,Pycnonotus_taivanus
Pycnonotus_taivanus/img86.jpg,Pycnonotus_taivanus
Pycnonotus_taivanus/img87.jpg,Pycnonotus_taivanus
Pycnonotus_taivanus/img88.jpg,Pycnonotus_taivanus
Pycnonotus_taivanus/img89.jpg,Pycnonotus_taivanus
Pycnonotus_taivanus/img9.jpg,Pycnonotus_taivanus
Pycnonotus_taivanus/img90.jpg,Pycnonotus_taivanus
Pycnonotus_taivanus/img91.jpg,Pycnonotus_taivanus
Pycnonotus_taivanus/img92.jpg,Pycnonotus_taivanus
Pycnonotus_taivanus/img93.jpg,Pycnonotus_taivanus
Pycnonotus_taivanus/img94.jpg,Pycnonotus_taivanus
Pycnonotus_taivanus/img95.jpg,Pycnonotus_taivanus
Pycnonotus_taivanus/img96.jpg,Pycnonotus_taivanus
Pycnonotus_taivanus/img97.jpg,Pycnonotus_taivanus
Pycnonotus_taivanus/img98.jpg,Pycnonotus_taivanus
Pycnonotus_taivanus/img99.jpg,Pycnonotus_taivanus
Streptopelia_tranquebarica/img1.jpg,Streptopelia_tranquebarica
Streptopelia_tranquebarica/img10.jpg,Streptopelia_tranquebarica
Streptopelia_tranquebarica/img100.jpg,Streptopelia_tranquebarica
Streptopelia_tranquebarica/img101.jpg,Streptopelia_tranquebarica
Streptopelia_tranquebarica/img102.jpg,Streptopelia_tranquebarica
Streptopelia_tranquebarica/img103.jpg,Streptopelia_tranquebarica
Streptopelia_tranquebarica/img104.jpg,Streptopelia_tranquebarica
Streptopelia_tranquebarica/img105.jpg,Streptopelia_tranquebarica
Streptopelia_tranquebarica/img106.jpg,Streptopelia_tranquebarica
Streptopelia_tranquebarica/img107.jpg,Streptopelia_tranquebarica
Streptopelia_tranquebarica/img11.jpg,Streptopelia_tranquebarica
Streptopelia_tranquebarica/img12.jpg,Streptopelia_tranquebarica
Streptopelia_tranquebarica/img13.jpg,Streptopelia_tranquebarica
Streptopelia_tranquebarica/img14.jpg,Streptopelia_tranquebarica
Streptopelia_tranquebarica/img15.jpg,Streptopelia_tranquebarica
Streptopelia_tranquebarica/img16.jpg,Streptopelia_tranquebarica
Streptopelia_tranquebarica/img17.jpg,Streptopelia_tranquebarica
Streptopelia_tranquebarica/img18.jpg,Streptopelia_tranquebarica
Streptopelia_tranquebarica/img19.jpg,Streptopelia_tranquebarica
Streptopelia_tranquebarica/img2.jpg,Streptopelia_tranquebarica
Streptopelia_tranquebarica/img20.jpg,Streptopelia_tranquebarica
Streptopelia_tranquebarica/img21.jpg,Streptopelia_tranquebarica
Streptopelia_tranquebarica/img22.jpg,Streptopelia_tranquebarica
Streptopelia_tranquebarica/img23.jpg,Streptopelia_tranquebarica
Streptopelia_tranquebarica/img24.jpg,Streptopelia_tranquebarica
Streptopelia_tranquebarica/img25.jpg,Streptopelia_tranquebarica
Streptopelia_tranquebarica/img26.jpg,Streptopelia_tranquebarica
Streptopelia_tranquebarica/img27.jpg,Streptopelia_tranquebarica
Streptopelia_tranquebarica/img28.jpg,Streptopelia_tranquebarica
Streptopelia_tranquebarica/img29.jpg,Streptopelia_tranquebarica
Streptopelia_tranquebarica/img3.jpg,Streptopelia_tranquebarica
Streptopelia_tranquebarica/img30.jpg,Streptopelia_tranquebarica
Streptopelia_tranquebarica/img31.jpg,Streptopelia_tranquebarica
Streptopelia_tranquebarica/img32.jpg,Streptopelia_tranquebarica
Streptopelia_tranquebarica/img33.jpg,Streptopelia_tranquebarica
Streptopelia_tranquebarica/img34.jpg,Streptopelia_tranquebarica
Streptopelia_tranquebarica/img35.jpg,Streptopelia_tranquebarica
Streptopelia_tranquebarica/img36.jpg,Streptopelia_tranquebarica
Streptopelia_tranquebarica/img37.jpg,Streptopelia_tranquebarica
Streptopelia_tranquebarica/img38.jpg,Streptopelia_tranquebarica
Streptopelia_tranquebarica/img39.jpg,Streptopelia_tranquebarica
Streptopelia_tranquebarica/img4.jpg,Streptopelia_tranquebarica
Streptopelia_tranquebarica/img40.jpg,Streptopelia_tranquebarica
Streptopelia_tranquebarica/img41.jpg,Streptopelia_tranquebarica
Streptopelia_tranquebarica/img42.jpg,Streptopelia_tranquebarica
Streptopelia_tranquebarica/img43.jpg,Streptopelia_tranquebarica
Streptopelia_tranquebarica/img44.jpg,Streptopelia_tranquebarica
Streptopelia_tranquebarica/img45.jpg,Streptopelia_tranquebarica
Streptopelia_tranquebarica/img46.jpg,Streptopelia_tranquebarica
Streptopelia_tranquebarica/img47.jpg,Streptopelia_tranquebarica
Streptopelia_tranquebarica/img48.jpg,Streptopelia_tranquebarica
Streptopelia_tranquebarica/img49.jpg,Streptopelia_tranquebarica
Streptopelia_tranquebarica/img5.jpg,Streptopelia_tranquebarica
Streptopelia_tranquebarica/img50.jpg,Streptopelia_tranquebarica
Streptopelia_tranquebarica/img51.jpg,Streptopelia_tranquebarica
Streptopelia_tranquebarica/img52.jpg,Streptopelia_tranquebarica
Streptopelia_tranquebarica/img53.jpg,Streptopelia_tranquebarica
Streptopelia_tranquebarica/img54.jpg,Streptopelia_tranquebarica
Streptopelia_tranquebarica/img55.jpg,Streptopelia_tranquebarica
Streptopelia_tranquebarica/img56.jpg,Streptopelia_tranquebarica
Streptopelia_tranquebarica/img57.jpg,Streptopelia_tranquebarica
Streptopelia_tranquebarica/img58.jpg,Streptopelia_tranquebarica
Streptopelia_tranquebarica/img59.jpg,Streptopelia_tranquebarica
Streptopelia_tranquebarica/img6.jpg,Streptopelia_tranquebarica
Streptopelia_tranquebarica/img60.jpg,Streptopelia_tranquebarica
Streptopelia_tranquebarica/img61.jpg,Streptopelia_tranquebarica
Streptopelia_tranquebarica/img62.jpg,Streptopelia_tranquebarica
Streptopelia_tranquebarica/img63.jpg,Streptopelia_tranquebarica
Streptopelia_tranquebarica/img64.jpg,Streptopelia_tranquebarica
Streptopelia_tranquebarica/img65.jpg,Streptopelia_tranquebarica
Streptopelia_tranquebarica/img66.jpg,Streptopelia_tranquebarica
Streptopelia_tranquebarica/img67.jpg,Streptopelia_tranquebarica
Streptopelia_tranquebarica/img68.jpg,Streptopelia_tranquebarica
Streptopelia_tranquebarica/img69.jpg,Streptopelia_tranquebarica
Streptopelia_tranquebarica/img7.jpg,Streptopelia_tranquebarica
Streptopelia_tranquebarica/img70.jpg,Streptopelia_tranquebarica
Streptopelia_tranquebarica/img71.jpg,Streptopelia_tranquebarica
Streptopelia_tranquebarica/img72.jpg,Streptopelia_tranquebarica
Streptopelia_tranquebarica/img73.jpg,Streptopelia_tranquebarica
Streptopelia_tranquebarica/img74.jpg,Streptopelia_tranquebarica
Streptopelia_tranquebarica/img75.jpg,Streptopelia_tranquebarica
Streptopelia_tranquebarica/img76.jpg,Streptopelia_tranquebarica
Streptopelia_tranquebarica/img77.jpg,Streptopelia_tranquebarica
Streptopelia_tranquebarica/img78.jpg,Streptopelia_tranquebarica
Streptopelia_tranquebarica/img79.jpg,Streptopelia_tranquebarica
Streptopelia_tranquebarica/img8.jpg,Streptopelia_tranquebarica
Streptopelia_tranquebarica/img80.jpg,Streptopelia_tranquebarica
Streptopelia_tranquebarica/img81.jpg,Streptopelia_tranquebarica
Streptopelia_tranquebarica/img82.jpg,Streptopelia_tranquebarica
Streptopelia_tranquebarica/img83.jpg,Streptopelia_tranquebarica
Streptopelia_tranquebarica/img84.jpg,Streptopelia_tranquebarica
Streptopelia_tranquebarica/img85.jpg,Streptopelia_tranquebarica
Streptopelia_tranquebarica/img86.jpg,Streptopelia_tranquebarica
Streptopelia_tranquebarica/img87.jpg,Streptopelia_tranquebarica
Streptopelia_tranquebarica/img88.jpg,Streptopelia_tranquebarica
Streptopelia_tranquebarica/img89.jpg,Streptopelia_tranquebarica
Streptopelia_tranquebarica/img9.jpg,Streptopelia_tranquebarica
Streptopelia_tranquebarica/img90.jpg,Streptopelia_tranquebarica
Streptopelia_tranquebarica/img91.jpg,Streptopelia_tranquebarica
Streptopelia_tranquebarica/img92.jpg,Streptopelia_tranquebarica
Streptopelia_tranquebarica/img93.jpg,Streptopelia_tranquebarica
Streptopelia_tranquebarica/img94.jpg,Streptopelia_tranquebarica
Streptopelia_tranquebarica/img95.jpg,Streptopelia_tranquebarica
Streptopelia_tranquebarica/img96.jpg,Streptopelia_tranquebarica
Streptopelia_tranquebarica/img97.jpg,Streptopelia_tranquebarica
Streptopelia_tranquebarica/img98.jpg,Streptopelia_tranquebarica
Streptopelia_tranquebarica/img99.jpg,Streptopelia_tranquebarica
Treron_sieboldii/img1.jpg,Treron_sieboldii
Treron_sieboldii/img10.jpg,Treron_sieboldii
Treron_sieboldii/img11.jpg,Treron_sieboldii
Treron_sieboldii/img12.jpg,Treron_sieboldii
Treron_sieboldii/img13.jpg,Treron_sieboldii
Treron_sieboldii/img14.jpg,Treron_sieboldii
Treron_sieboldii/img15.jpg,Treron_sieboldii
Treron_sieboldii/img16.jpg,Treron_sieboldii
Treron_sieboldii/img17.jpg,Treron_sieboldii
Treron_sieboldii/img18.jpg,Treron_sieboldii
Treron_sieboldii/img19.jpg,Treron_sieboldii
Treron_sieboldii/img2.jpg,Treron_sieboldii
Treron_sieboldii/img20.jpg,Treron_sieboldii
Treron_sieboldii/img21.jpg,Treron_sieboldii
Treron_sieboldii/img22.jpg,Treron_sieboldii
Treron_sieboldii/img23.jpg,Treron_sieboldii
Treron_sieboldii/img24.jpg,Treron_sieboldii
Treron_sieboldii/img25.jpg,Treron_sieboldii
Treron_sieboldii/img26.jpg,Treron_sieboldii
Treron_sieboldii/img27.jpg,Treron_sieboldii
Treron_sieboldii/img28.jpg,Treron_sieboldii
Treron_sieboldii/img29.jpg,Treron_sieboldii
Treron_sieboldii/img3.jpg,Treron_sieboldii
Treron_sieboldii/img30.jpg,Treron_sieboldii
Treron_sieboldii/img31.jpg,Treron_sieboldii
Treron_sieboldii/img32.jpg,Treron_sieboldii
Treron_sieboldii/img33.jpg,Treron_sieboldii
Treron_sieboldii/img34.jpg,Treron_sieboldii
Treron_sieboldii/img35.jpg,Treron_sieboldii
Treron_sieboldii/img36.jpg,Treron_sieboldii
Treron_sieboldii/img37.jpg,Treron_sieboldii
Treron_sieboldii/img38.jpg,Treron_sieboldii
Treron_sieboldii/img39.jpg,Treron_sieboldii
Treron_sieboldii/img4.jpg,Treron_sieboldii
Treron_sieboldii/img40.jpg,Treron_sieboldii
Treron_sieboldii/img41.jpg,Treron_sieboldii
Treron_sieboldii/img42.jpg,Treron_sieboldii
Treron_sieboldii/img43.jpg,Treron_sieboldii
Treron_sieboldii/img44.jpg,Treron_sieboldii
Treron_sieboldii/img5.jpg,Treron_sieboldii
Treron_sieboldii/img6.jpg,Treron_sieboldii
Treron_sieboldii/img7.jpg,Treron_sieboldii
Treron_sieboldii/img8.jpg,Treron_sieboldii
Treron_sieboldii/img9.jpg,Treron_sieboldii
