RawFileName,EngName
DSCN0007.JPG,Acridotheres_tristis
DSCN0011.JPG,Pycnonotus_taivanus
DSCN0012.JPG,Pycnonotus_taivanus
DSCN0016.JPG,Pycnonotus_taivanus
DSCN0018.JPG,Streptopelia_tranquebarica
DSCN0020.JPG,Streptopelia_tranquebarica
DSCN0021.JPG,Streptopelia_tranquebarica
DSCN0022.JPG,Pycnonotus_taivanus
DSCN0023.JPG,Pycnonotus_taivanus
DSCN0025.JPG,Pycnonotus_taivanus
DSCN0037.JPG,Dicrurus_macrocercus
DSCN0047.JPG,Passer_montanus
DSCN0049.JPG,Streptopelia_tranquebarica
DSCN0059.JPG,Pycnonotus_taivanus
DSCN0062.JPG,Streptopelia_tranquebarica
DSCN0084.JPG,Lonchura_punctulata
DSCN0088.JPG,Hypsipetes_leucocephalus
DSCN0091.JPG,Psilopogon_nuchalis
DSCN0093.JPG,Psilopogon_nuchalis
DSCN0094.JPG,Psilopogon_nuchalis
DSCN0096.JPG,Psilopogon_nuchalis
DSCN0097.JPG,Psilopogon_nuchalis
DSCN0100.JPG,Psilopogon_nuchalis
DSCN0102.JPG,Psilopogon_nuchalis
DSCN0104.JPG,Psilopogon_nuchalis
DSCN0110.JPG,Psilopogon_nuchalis
DSCN0111.JPG,Turdus_chrysolaus
DSCN0130.JPG,Gorsachius_melanolophus
DSCN0131.JPG,Gorsachius_melanolophus
DSCN0137.JPG,Dendrocitta_formosae
DSCN0138.JPG,Dendrocitta_formosae
DSCN0141.JPG,Dendrocitta_formosae
DSCN0142.JPG,Dendrocitta_formosae
DSCN0144.JPG,Streptopelia_tranquebarica
DSCN0145.JPG,Hypsipetes_leucocephalus
DSCN0149.JPG,Treron_sieboldii
DSCN0151.JPG,Treron_sieboldii
DSCN0157.JPG,Treron_sieboldii
DSCN0158.JPG,Treron_sieboldii
DSCN0160.JPG,Spilopelia_chinensis
DSCN0161.JPG,Treron_sieboldii
DSCN0163.JPG,Zosterops_japonicus
DSCN0165.JPG,Zosterops_japonicus
DSCN0166.JPG,Hypsipetes_leucocephalus
DSCN0167.JPG,Spilopelia_chinensis
DSCN0168.JPG,Streptopelia_tranquebarica
DSCN0172.JPG,Pycnonotus_taivanus
DSCN0174.JPG,Treron_sieboldii
DSCN0178.JPG,Dicrurus_macrocercus
DSCN0181.JPG,Dicrurus_macrocercus
DSCN0183.JPG,Streptopelia_tranquebarica
DSCN0186.JPG,Ardea_intermedia
DSCN0189.JPG,Amaurornis_phoenicurus
DSCN0190.JPG,Amaurornis_phoenicurus
DSCN0192.JPG,Streptopelia_tranquebarica
DSCN0193.JPG,Streptopelia_tranquebarica
DSCN0194.JPG,Oriolus_traillii
DSCN0202.JPG,Dendrocitta_formosae
DSCN0203.JPG,Dendrocitta_formosae
DSCN0206.JPG,Gorsachius_melanolophus
DSCN0207.JPG,Gorsachius_melanolophus
DSCN0209.JPG,Gorsachius_melanolophus
DSCN0211.JPG,Pycnonotus_taivanus
DSCN0217.JPG,Psilopogon_nuchalis
DSCN0222.JPG,Dicrurus_macrocercus
DSCN0224.JPG,Columba_livia
DSCN0229.JPG,Gorsachius_melanolophus
DSCN0236.JPG,Pycnonotus_taivanus
DSCN0247.JPG,Treron_sieboldii
DSCN0254.JPG,Streptopelia_tranquebarica
DSCN0269.JPG,Streptopelia_tranquebarica
DSCN0270.JPG,Pycnonotus_taivanus
DSCN0271.JPG,Hypsipetes_leucocephalus
DSCN0278.JPG,Spilopelia_chinensis
DSCN0282.JPG,Spilopelia_chinensis
DSCN0283.JPG,Streptopelia_tranquebarica
DSCN0287.JPG,Pycnonotus_taivanus
DSCN0290.JPG,Hypsipetes_leucocephalus
DSCN0293.JPG,Spilopelia_chinensis
DSCN0296.JPG,Amaurornis_phoenicurus
DSCN0299.JPG,Dicrurus_macrocercus
DSCN0301.JPG,Dicrurus_macrocercus
DSCN0303.JPG,Streptopelia_tranquebarica
DSCN0304.JPG,Streptopelia_tranquebarica
DSCN0305.JPG,Columba_livia
DSCN0307.JPG,Motacilla_tschutschensis
DSCN0311.JPG,Passer_montanus
DSCN0312.JPG,Bubulcus_coromandus
DSCN0313.JPG,Dicrurus_macrocercus
DSCN0314.JPG,Dicrurus_macrocercus
DSCN0315.JPG,Dicrurus_macrocercus
DSCN0316.JPG,Dicrurus_macrocercus
DSCN0320.JPG,Gorsachius_melanolophus
DSCN0321.JPG,Gorsachius_melanolophus
DSCN0326.JPG,Dicrurus_macrocercus
DSCN0330.JPG,Motacilla_alba
DSCN0331.JPG,Motacilla_alba
DSCN0336.JPG,Anthus_hodgsoni
DSCN0337.JPG,Anthus_hodgsoni
DSCN0340.JPG,Dendrocopos_canicapillus
DSCN0348.JPG,Hypsipetes_leucocephalus
DSCN0353.JPG,Motacilla_tschutschensis
DSCN0355.JPG,Gorsachius_melanolophus
DSCN0357.JPG,Gorsachius_melanolophus
DSCN0358.JPG,Gorsachius_melanolophus
DSCN0360.JPG,Gorsachius_melanolophus
DSCN0361.JPG,Gorsachius_melanolophus
DSCN0363.JPG,Gorsachius_melanolophus
DSCN0366.JPG,Gorsachius_melanolophus
DSCN0367.JPG,Dendrocitta_formosae
DSCN0368.JPG,Gorsachius_melanolophus
DSCN0370.JPG,Pycnonotus_taivanus
DSCN0372.JPG,Gorsachius_melanolophus
DSCN0373.JPG,Gorsachius_melanolophus
DSCN0375.JPG,Dendrocopos_canicapillusPhasianus_colchicus
DSCN0376.JPG,Gorsachius_melanolophus
DSCN0378.JPG,Gorsachius_melanolophus
DSCN0379.JPG,Dendrocopos_canicapillusPhasianus_colchicus
DSCN0382.JPG,Dendrocopos_canicapillusPhasianus_colchicus
DSCN0385.JPG,Dendrocopos_canicapillusPhasianus_colchicus
DSCN0386.JPG,Dendrocopos_canicapillusPhasianus_colchicus
DSCN0388.JPG,Dendrocopos_canicapillusPhasianus_colchicus
DSCN0389.JPG,Dendrocopos_canicapillusPhasianus_colchicus
DSCN0390.JPG,Streptopelia_tranquebarica
DSCN0392.JPG,Passer_montanus
DSCN0394.JPG,Oriolus_traillii
DSCN0396.JPG,Oriolus_traillii
DSCN0397.JPG,Oriolus_traillii
DSCN0399.JPG,Gorsachius_melanolophus
DSCN0400.JPG,Hypsipetes_leucocephalus
DSCN0402.JPG,Hypsipetes_leucocephalus
DSCN0409.JPG,Streptopelia_tranquebarica
DSCN0411.JPG,Streptopelia_tranquebarica
DSCN0412.JPG,Dicrurus_macrocercus
DSCN0418.JPG,Monticola_solitarius
DSCN0419.JPG,Monticola_solitarius
DSCN0420.JPG,Hypsipetes_leucocephalus
DSCN0423.JPG,Dendrocitta_formosae
DSCN0427.JPG,Pycnonotus_taivanus
DSCN0429.JPG,Dicrurus_macrocercus
DSCN0432.JPG,Gorsachius_melanolophus
DSCN0436.JPG,Gorsachius_melanolophus
DSCN0437.JPG,Gorsachius_melanolophus
DSCN0438.JPG,Gorsachius_melanolophus
DSCN0439.JPG,Gorsachius_melanolophus
DSCN0440.JPG,Gorsachius_melanolophus
DSCN0442.JPG,Gorsachius_melanolophus
DSCN0446.JPG,Passer_montanus
DSCN0448.JPG,Dicrurus_macrocercus
DSCN0451.JPG,Pycnonotus_taivanus
DSCN0453.JPG,Pycnonotus_taivanus
DSCN0454.JPG,Pycnonotus_taivanus
DSCN0461.JPG,Dicrurus_macrocercus
DSCN0464.JPG,Dicrurus_macrocercus
DSCN0468.JPG,Dicrurus_macrocercus
DSCN0469.JPG,Dicrurus_macrocercus
DSCN0471.JPG,Motacilla_tschutschensis
DSCN0478.JPG,Motacilla_tschutschensis
DSCN0479.JPG,Passer_montanus
DSCN0481.JPG,Streptopelia_tranquebarica
DSCN0482.JPG,Gorsachius_melanolophus
DSCN0483.JPG,Gorsachius_melanolophus
DSCN0484.JPG,Gorsachius_melanolophus
DSCN0485.JPG,Gorsachius_melanolophus
DSCN0486.JPG,Gorsachius_melanolophus
DSCN0488.JPG,Monticola_solitariusLanius_cristatus
DSCN0492.JPG,Anthus_hodgsoni
DSCN0495.JPG,Dendrocitta_formosae
DSCN0497.JPG,Dendrocitta_formosae
DSCN0498.JPG,Dendrocitta_formosae
DSCN0499.JPG,Dendrocopos_canicapillus
DSCN0500.JPG,Dendrocopos_canicapillus
DSCN0501.JPG,Dendrocopos_canicapillus
DSCN0503.JPG,Dendrocopos_canicapillus
DSCN0504.JPG,Dendrocopos_canicapillus
DSCN0505.JPG,Anthus_hodgsoni
DSCN0506.JPG,Dicrurus_macrocercus
DSCN0507.JPG,Dicrurus_macrocercus
DSCN0509.JPG,Dicrurus_macrocercus
DSCN0512.JPG,Motacilla_alba
DSCN0514.JPG,Motacilla_alba
DSCN0516.JPG,Gorsachius_melanolophus
DSCN0517.JPG,Gorsachius_melanolophus
DSCN0519.JPG,Gorsachius_melanolophus
DSCN0520.JPG,Gorsachius_melanolophus
DSCN0522.JPG,Motacilla_tschutschensis
DSCN0524.JPG,Motacilla_tschutschensis
DSCN0527.JPG,Passer_montanus
DSCN0536.JPG,Spilornis_cheela
DSCN0539.JPG,Spilornis_cheela
DSCN0540.JPG,Dicrurus_macrocercus
DSCN0542.JPG,Passer_montanus
DSCN0545.JPG,Pycnonotus_taivanus
DSCN0546.JPG,Pycnonotus_taivanus
DSCN0547.JPG,Pycnonotus_taivanus
DSCN0554.JPG,Psilopogon_nuchalis
DSCN0555.JPG,Psilopogon_nuchalis
DSCN0556.JPG,Motacilla_tschutschensis
DSCN0558.JPG,Motacilla_tschutschensis
DSCN0559.JPG,Pycnonotus_taivanus
DSCN0564.JPG,Pycnonotus_taivanus
DSCN0565.JPG,Pycnonotus_taivanus
DSCN0566.JPG,Pycnonotus_taivanus
DSCN0567.JPG,Hypsipetes_leucocephalus
DSCN0572.JPG,Motacilla_tschutschensis
DSCN0573.JPG,Motacilla_tschutschensis
DSCN0574.JPG,Motacilla_tschutschensis
DSCN0575.JPG,Motacilla_tschutschensis
DSCN0577.JPG,Motacilla_tschutschensis
DSCN0578.JPG,Motacilla_tschutschensis
DSCN0579.JPG,Streptopelia_tranquebarica
DSCN0581.JPG,Columba_livia
DSCN0586.JPG,Columba_livia
DSCN0587.JPG,Columba_livia
DSCN0588.JPG,Columba_livia
DSCN0589.JPG,Pycnonotus_taivanus
DSCN0591.JPG,Cuculus_optatus
DSCN0592.JPG,Cuculus_optatus
DSCN0593.JPG,Cuculus_optatus
DSCN0596.JPG,Cuculus_optatus
DSCN0598.JPG,Treron_sieboldii
DSCN0599.JPG,Treron_sieboldii
DSCN0600.JPG,Treron_sieboldii
DSCN0601.JPG,Treron_sieboldii
DSCN0602.JPG,Treron_sieboldii
DSCN0604.JPG,Treron_sieboldii
DSCN0606.JPG,Treron_sieboldii
DSCN0607.JPG,Dendrocopos_canicapillus
DSCN0608.JPG,Dendrocopos_canicapillus
DSCN0610.JPG,Dendrocopos_canicapillus
DSCN0613.JPG,Zosterops_japonicus
DSCN0615.JPG,Streptopelia_tranquebarica
DSCN0619.JPG,Psilopogon_nuchalis
DSCN0620.JPG,Gallinula_chloropus
DSCN0621.JPG,Amaurornis_phoenicurus
DSCN0623.JPG,Gallinula_chloropus
DSCN0624.JPG,Gallinula_chloropus
DSCN0626.JPG,Passer_montanus
DSCN0627.JPG,Passer_montanus
DSCN0628.JPG,Passer_montanus
DSCN0629.JPG,Streptopelia_tranquebarica
DSCN0630.JPG,Bubulcus_coromandus
DSCN0634.JPG,Bubulcus_coromandus
DSCN0635.JPG,Bubulcus_coromandus
DSCN0637.JPG,Bubulcus_coromandus
DSCN0638.JPG,Bubulcus_coromandus
DSCN0640.JPG,Oriolus_traillii
DSCN0642.JPG,Oriolus_traillii
DSCN0645.JPG,Dendrocitta_formosae
DSCN0646.JPG,Dendrocitta_formosae
DSCN0647.JPG,Pycnonotus_taivanus
DSCN0648.JPG,Motacilla_tschutschensis
DSCN0651.JPG,Hypsipetes_leucocephalus
DSCN0652.JPG,Hypsipetes_leucocephalus
DSCN0654.JPG,Pycnonotus_taivanus
DSCN0657.JPG,Pycnonotus_taivanus
DSCN0658.JPG,Pycnonotus_taivanus
DSCN0660.JPG,Pycnonotus_taivanus
DSCN0662.JPG,Dicrurus_macrocercus
DSCN0663.JPG,Dendrocitta_formosae
DSCN0664.JPG,Dendrocitta_formosae
DSCN0666.JPG,Dendrocitta_formosae
DSCN0674.JPG,Gorsachius_melanolophus
DSCN0677.JPG,Gorsachius_melanolophus
DSCN0688.JPG,Streptopelia_tranquebarica
DSCN0689.JPG,Streptopelia_tranquebarica
DSCN0691.JPG,Pomatorhinus_musicus
DSCN0692.JPG,Pomatorhinus_musicus
DSCN0698.JPG,Dendrocopos_canicapillusPhasianus_colchicus
DSCN0699.JPG,Dendrocopos_canicapillusPhasianus_colchicus
DSCN0700.JPG,Dendrocopos_canicapillusPhasianus_colchicus
DSCN0701.JPG,Dendrocopos_canicapillusPhasianus_colchicus
DSCN0702.JPG,Dendrocopos_canicapillusPhasianus_colchicus
DSCN0711.JPG,Falco_peregrinus
DSCN0712.JPG,Falco_peregrinus
DSCN0715.JPG,Falco_peregrinus
DSCN0717.JPG,Falco_peregrinus
DSCN0721.JPG,Falco_peregrinus
DSCN0723.JPG,Falco_peregrinus
DSCN0725.JPG,Falco_peregrinus
DSCN0726.JPG,Falco_peregrinus
DSCN0727.JPG,Falco_peregrinus
DSCN0729.JPG,Falco_peregrinus
DSCN0732.JPG,Falco_peregrinus
DSCN0733.JPG,Falco_peregrinus
DSCN0737.JPG,Falco_peregrinus
DSCN0739.JPG,Falco_peregrinus
DSCN0741.JPG,Falco_peregrinus
DSCN0745.JPG,Falco_peregrinus
DSCN0746.JPG,Falco_peregrinus
DSCN0748.JPG,Dicrurus_macrocercus
DSCN0749.JPG,Dicrurus_macrocercus
DSCN0754.JPG,Passer_montanus
DSCN0755.JPG,Passer_montanus
DSCN0759.JPG,Passer_montanus
DSCN0761.JPG,Passer_montanus
DSCN0762.JPG,Passer_montanus
DSCN0763.JPG,Passer_montanus
DSCN0764.JPG,Passer_montanus
DSCN0769.JPG,Streptopelia_tranquebarica
DSCN0773.JPG,Streptopelia_tranquebarica
DSCN0774.JPG,Columba_livia
DSCN0775.JPG,Columba_livia
DSCN0777.JPG,Columba_livia
DSCN0778.JPG,Columba_livia
DSCN0780.JPG,Passer_montanus
DSCN0781.JPG,Passer_montanus
DSCN0788.JPG,Gallinula_chloropus
DSCN0792.JPG,Bubulcus_coromandus
DSCN0794.JPG,Bubulcus_coromandus
DSCN0798.JPG,Gallinula_chloropus
DSCN0801.JPG,Gallinula_chloropus
DSCN0802.JPG,Gallinula_chloropus
DSCN0803.JPG,Dendrocitta_formosae
DSCN0815.JPG,Dicrurus_macrocercus
DSCN0816.JPG,Streptopelia_tranquebarica
DSCN0819.JPG,Streptopelia_tranquebarica
DSCN0820.JPG,Oriolus_traillii
DSCN0821.JPG,Oriolus_traillii
DSCN0823.JPG,Oriolus_traillii
DSCN0825.JPG,Oriolus_traillii
DSCN0826.JPG,Oriolus_traillii
DSCN0827.JPG,Oriolus_traillii
DSCN0828.JPG,Oriolus_traillii
DSCN0829.JPG,Oriolus_traillii
DSCN0833.JPG,Pycnonotus_taivanus
DSCN0834.JPG,Pycnonotus_taivanus
DSCN0835.JPG,Pycnonotus_taivanus
DSCN0836.JPG,Pycnonotus_taivanus
DSCN0837.JPG,Streptopelia_tranquebarica
DSCN0838.JPG,Dicrurus_macrocercus
DSCN0839.JPG,Gorsachius_melanolophus
DSCN0840.JPG,Gorsachius_melanolophus
DSCN0846.JPG,Gorsachius_melanolophus
DSCN0847.JPG,Gorsachius_melanolophus
DSCN0848.JPG,Pycnonotus_taivanus
DSCN0849.JPG,Pycnonotus_taivanus
DSCN0850.JPG,Pycnonotus_taivanus
DSCN0851.JPG,Pycnonotus_taivanus
DSCN0852.JPG,Pycnonotus_taivanus
DSCN0853.JPG,Dendrocitta_formosae
DSCN0857.JPG,Amaurornis_phoenicurus
DSCN0858.JPG,Amaurornis_phoenicurus
DSCN0859.JPG,Pycnonotus_taivanus
DSCN0862.JPG,Psilopogon_nuchalis
DSCN0863.JPG,Psilopogon_nuchalis
DSCN0865.JPG,Psilopogon_nuchalis
DSCN0869.JPG,Pycnonotus_taivanus
DSCN0870.JPG,Pycnonotus_taivanus
DSCN0871.JPG,Pycnonotus_taivanus
DSCN0872.JPG,Pycnonotus_taivanus
DSCN0873.JPG,Pycnonotus_taivanus
DSCN0874.JPG,Dendrocopos_canicapillus
DSCN0875.JPG,Psilopogon_nuchalis
DSCN0881.JPG,Pycnonotus_taivanus
DSCN0882.JPG,Hypsipetes_leucocephalus
DSCN0885.JPG,Treron_sieboldii
DSCN0888.JPG,Treron_sieboldii
DSCN0891.JPG,Treron_sieboldii
DSCN0893.JPG,Treron_sieboldii
DSCN0894.JPG,Streptopelia_tranquebarica
DSCN0895.JPG,Bubulcus_coromandus
DSCN0899.JPG,Bubulcus_coromandus
DSCN0901.JPG,Bubulcus_coromandus
DSCN0903.JPG,Gorsachius_melanolophus
DSCN0904.JPG,Passer_montanus
DSCN0906.JPG,Passer_montanus
DSCN0907.JPG,Hypsipetes_leucocephalus
DSCN0910.JPG,Streptopelia_tranquebarica
DSCN0912.JPG,Dendrocitta_formosae
DSCN0913.JPG,Dendrocitta_formosae
DSCN0915.JPG,Dendrocitta_formosae
DSCN0916.JPG,Hypsipetes_leucocephalus
DSCN0917.JPG,Streptopelia_tranquebarica
DSCN0918.JPG,Streptopelia_tranquebarica
DSCN0919.JPG,Pycnonotus_taivanus
DSCN0920.JPG,Pycnonotus_taivanus
DSCN0921.JPG,Pycnonotus_taivanus
DSCN0922.JPG,Pycnonotus_taivanus
DSCN0924.JPG,Turdus_chrysolaus
DSCN0925.JPG,Pycnonotus_taivanus
DSCN0927.JPG,Pycnonotus_taivanus
DSCN0928.JPG,Pycnonotus_taivanus
DSCN0929.JPG,Streptopelia_tranquebarica
DSCN0930.JPG,Streptopelia_tranquebarica
DSCN0933.JPG,Streptopelia_tranquebarica
DSCN0934.JPG,Pycnonotus_taivanus
DSCN0935.JPG,Passer_montanus
DSCN0936.JPG,Passer_montanus
DSCN0937.JPG,Passer_montanus
DSCN0939.JPG,Streptopelia_orientalis
DSCN0942.JPG,Passer_montanus
DSCN0943.JPG,Passer_montanus
DSCN0944.JPG,Streptopelia_tranquebarica
DSCN0945.JPG,Streptopelia_tranquebarica
DSCN0947.JPG,Columba_livia
DSCN0948.JPG,Columba_livia
DSCN0949.JPG,Passer_montanus
DSCN0955.JPG,Streptopelia_tranquebarica
DSCN0962.JPG,Dicrurus_macrocercus
DSCN0965.JPG,Spilornis_cheela
DSCN0966.JPG,Spilornis_cheela
DSCN0970.JPG,Motacilla_tschutschensis
DSCN0975.JPG,Streptopelia_tranquebarica
DSCN0976.JPG,Hypsipetes_leucocephalus
DSCN0978.JPG,Dicrurus_macrocercus
DSCN0979.JPG,Dicrurus_macrocercus
DSCN0982.JPG,Gorsachius_melanolophus
DSCN0983.JPG,Passer_montanus
DSCN0985.JPG,Passer_montanus
DSCN0986.JPG,Passer_montanus
DSCN0988.JPG,Pycnonotus_taivanus
DSCN0989.JPG,Bubulcus_coromandus
DSCN0991.JPG,Pycnonotus_taivanus
DSCN0994.JPG,Streptopelia_tranquebarica
DSCN0995.JPG,Spilopelia_chinensis
DSCN0996.JPG,Spilopelia_chinensis
DSCN0997.JPG,Streptopelia_tranquebarica
DSCN0999.JPG,Hypsipetes_leucocephalus
DSCN1003.JPG,Dicrurus_macrocercus
DSCN1006.JPG,Dicrurus_macrocercus
DSCN1007.JPG,Streptopelia_tranquebarica
DSCN1008.JPG,Streptopelia_tranquebarica
DSCN1011.JPG,Pycnonotus_taivanus
DSCN1012.JPG,Pycnonotus_taivanus
DSCN1013.JPG,Pycnonotus_taivanus
DSCN1014.JPG,Streptopelia_tranquebarica
DSCN1018.JPG,Passer_montanus
DSCN1019.JPG,Passer_montanus
DSCN1021.JPG,Passer_montanus
DSCN1022.JPG,Passer_montanus
DSCN1023.JPG,Passer_montanus
DSCN1034.JPG,Pycnonotus_taivanus
DSCN1036.JPG,Pycnonotus_taivanus
DSCN1042.JPG,Columba_livia
DSCN1044.JPG,Dicrurus_macrocercus
DSCN1045.JPG,Dicrurus_macrocercus
DSCN1046.JPG,Columba_livia
DSCN1049.JPG,Columba_livia
DSCN1055.JPG,Streptopelia_tranquebarica
DSCN1058.JPG,Streptopelia_tranquebarica
DSCN1059.JPG,Streptopelia_tranquebarica
DSCN1062.JPG,Streptopelia_tranquebarica
DSCN1064.JPG,Streptopelia_tranquebarica
DSCN1067.JPG,Streptopelia_tranquebarica
DSCN1068.JPG,Streptopelia_tranquebarica
DSCN1069.JPG,Streptopelia_tranquebarica
DSCN1072.JPG,Streptopelia_tranquebarica
DSCN1076.JPG,Spilopelia_chinensis
DSCN1080.JPG,Turdus_chrysolaus
DSCN1082.JPG,Turdus_chrysolaus
DSCN1088.JPG,Pycnonotus_taivanus
DSCN1094.JPG,Passer_montanus
DSCN1098.JPG,Streptopelia_tranquebarica
DSCN1099.JPG,Hypsipetes_leucocephalus
DSCN1100.JPG,Hypsipetes_leucocephalus
DSCN1103.JPG,Streptopelia_tranquebarica
DSCN1106.JPG,Dicrurus_macrocercus
DSCN1110.JPG,Passer_montanus
DSCN1112.JPG,Passer_montanus
DSCN1113.JPG,Acridotheres_tristis
DSCN1116.JPG,Streptopelia_tranquebarica
DSCN1117.JPG,Pycnonotus_taivanus
DSCN1122.JPG,Monticola_solitariusLanius_cristatus
DSCN1124.JPG,Motacilla_tschutschensis
DSCN1134.JPG,Hypsipetes_leucocephalus
DSCN1137.JPG,Hypsipetes_leucocephalus
DSCN1139.JPG,Streptopelia_tranquebarica
DSCN1140.JPG,Monticola_solitarius
DSCN1142.JPG,Monticola_solitarius
DSCN1144.JPG,Monticola_solitarius
DSCN1147.JPG,Monticola_solitarius
DSCN1150.JPG,Streptopelia_tranquebarica
DSCN1159.JPG,Dicrurus_macrocercus
DSCN1162.JPG,Treron_sieboldii
DSCN1163.JPG,Gorsachius_melanolophus
DSCN1166.JPG,Gorsachius_melanolophus
DSCN1170.JPG,Gorsachius_melanolophus
DSCN1171.JPG,Dendrocitta_formosae
DSCN1173.JPG,Dendrocitta_formosae
DSCN1174.JPG,Gorsachius_melanolophus
DSCN1178.JPG,Hypsipetes_leucocephalus
DSCN1179.JPG,Gorsachius_melanolophus
DSCN1182.JPG,Hypsipetes_leucocephalus
DSCN1183.JPG,Hypsipetes_leucocephalus
DSCN1186.JPG,Gorsachius_melanolophus
DSCN1187.JPG,Gorsachius_melanolophus
DSCN1188.JPG,Gorsachius_melanolophus
DSCN1192.JPG,Streptopelia_tranquebarica
DSCN1193.JPG,Gorsachius_melanolophus
DSCN1194.JPG,Dendrocopos_canicapillusPhasianus_colchicus
DSCN1195.JPG,Gorsachius_melanolophus
DSCN1201.JPG,Dicrurus_macrocercus
DSCN1204.JPG,Pycnonotus_taivanus
DSCN1205.JPG,Pycnonotus_taivanus
DSCN1206.JPG,Streptopelia_tranquebarica
DSCN1207.JPG,Pycnonotus_taivanus
DSCN1209.JPG,Spilornis_cheela
DSCN1210.JPG,Gorsachius_melanolophus
DSCN1211.JPG,Hypsipetes_leucocephalus
DSCN1213.JPG,Hypsipetes_leucocephalus
DSCN1214.JPG,Treron_sieboldii
DSCN1215.JPG,Treron_sieboldii
DSCN1216.JPG,Treron_sieboldii
DSCN1219.JPG,Treron_sieboldii
DSCN1223.JPG,Treron_sieboldii
DSCN1224.JPG,Treron_sieboldii
DSCN1226.JPG,Motacilla_tschutschensis
DSCN1228.JPG,Treron_sieboldii
DSCN1230.JPG,Streptopelia_tranquebarica
DSCN1232.JPG,Motacilla_tschutschensis
DSCN1235.JPG,Pycnonotus_taivanus
DSCN1237.JPG,Gorsachius_melanolophus
DSCN1240.JPG,Monticola_solitariusLanius_cristatus
DSCN1242.JPG,Monticola_solitariusLanius_cristatus
DSCN1243.JPG,Pycnonotus_taivanus
DSCN1245.JPG,Gorsachius_melanolophus
DSCN1248.JPG,Pycnonotus_taivanus
DSCN1250.JPG,Pycnonotus_taivanus
DSCN1251.JPG,Dicrurus_macrocercus
DSCN1257.JPG,Dendrocopos_canicapillusPhasianus_colchicus
DSCN1258.JPG,Dendrocopos_canicapillusPhasianus_colchicus
DSCN1259.JPG,Dendrocopos_canicapillusPhasianus_colchicus
DSCN1262.JPG,Dendrocopos_canicapillusPhasianus_colchicus
DSCN1263.JPG,Dendrocopos_canicapillusPhasianus_colchicus
DSCN1264.JPG,Dendrocopos_canicapillusPhasianus_colchicus
DSCN1267.JPG,Passer_montanus
DSCN1268.JPG,Passer_montanus
DSCN1270.JPG,Passer_montanus
DSCN1273.JPG,Pycnonotus_taivanus
DSCN1274.JPG,Pycnonotus_taivanus
DSCN1275.JPG,Pycnonotus_taivanus
DSCN1277.JPG,Psilopogon_nuchalis
DSCN1280.JPG,Psilopogon_nuchalis
DSCN1282.JPG,Acridotheres_tristis
DSCN1288.JPG,Lonchura_punctulata
DSCN1290.JPG,Lonchura_punctulata
DSCN1291.JPG,Lonchura_punctulata
DSCN1293.JPG,Lonchura_punctulata
DSCN1294.JPG,Lonchura_punctulata
DSCN1295.JPG,Lonchura_punctulata
DSCN1297.JPG,Lonchura_punctulata
DSCN1298.JPG,Pycnonotus_taivanus
DSCN1299.JPG,Pycnonotus_taivanus
DSCN1300.JPG,Zosterops_japonicus
DSCN1302.JPG,Dendrocitta_formosae
DSCN1303.JPG,Dendrocitta_formosae
DSCN1309.JPG,Motacilla_tschutschensis
DSCN1310.JPG,Streptopelia_tranquebarica
DSCN1311.JPG,Pycnonotus_taivanus
DSCN1313.JPG,Dicrurus_macrocercus
DSCN1314.JPG,Pycnonotus_taivanus
DSCN1315.JPG,Pycnonotus_taivanus
DSCN1316.JPG,Pycnonotus_taivanus
DSCN1317.JPG,Pycnonotus_taivanus
DSCN1319.JPG,Motacilla_tschutschensis
DSCN1320.JPG,Dicrurus_macrocercus
DSCN1321.JPG,Dicrurus_macrocercus
DSCN1322.JPG,Hypsipetes_leucocephalus
DSCN1323.JPG,Hypsipetes_leucocephalus
DSCN1324.JPG,Motacilla_tschutschensis
DSCN1325.JPG,Motacilla_tschutschensis
DSCN1326.JPG,Pycnonotus_taivanus
DSCN1327.JPG,Pycnonotus_taivanus
DSCN1328.JPG,Pycnonotus_taivanus
DSCN1336.JPG,Dicrurus_macrocercus
DSCN1337.JPG,Streptopelia_tranquebarica
DSCN1340.JPG,Hypsipetes_leucocephalus
DSCN1344.JPG,Dicrurus_macrocercus
DSCN1346.JPG,Dicrurus_macrocercus
DSCN1348.JPG,Dicrurus_macrocercus
DSCN1349.JPG,Dicrurus_macrocercus
DSCN1352.JPG,Gorsachius_melanolophus
DSCN1354.JPG,Gorsachius_melanolophus
DSCN1355.JPG,Treron_sieboldii
DSCN1362.JPG,Pycnonotus_taivanus
DSCN1363.JPG,Pycnonotus_taivanus
DSCN1365.JPG,Pycnonotus_taivanus
DSCN1367.JPG,Pycnonotus_taivanus
DSCN1380.JPG,Gorsachius_melanolophus
DSCN1381.JPG,Columba_livia
DSCN1385.JPG,Passer_montanus
DSCN1387.JPG,Passer_montanus
DSCN1394.JPG,Passer_montanus
DSCN1397.JPG,Passer_montanus
DSCN1401.JPG,Pycnonotus_taivanus
DSCN1403.JPG,Gorsachius_melanolophus
DSCN1407.JPG,Pycnonotus_taivanus
DSCN1408.JPG,Dicrurus_macrocercus
DSCN1416.JPG,Columba_livia
DSCN1417.JPG,Columba_livia
DSCN1418.JPG,Streptopelia_orientalis
DSCN1421.JPG,Streptopelia_orientalis
DSCN1422.JPG,Streptopelia_orientalis
DSCN1423.JPG,Streptopelia_orientalis
DSCN1424.JPG,Spilopelia_chinensis
DSCN1425.JPG,Spilopelia_chinensis
DSCN1426.JPG,Spilopelia_chinensis
DSCN1427.JPG,Spilopelia_chinensis
DSCN1428.JPG,Dicrurus_macrocercus
DSCN1430.JPG,Dicrurus_macrocercus
DSCN1432.JPG,Gorsachius_melanolophus
DSCN1434.JPG,Gorsachius_melanolophus
DSCN1435.JPG,Gorsachius_melanolophus
DSCN1436.JPG,Gorsachius_melanolophus
DSCN1437.JPG,Streptopelia_tranquebarica
DSCN1438.JPG,Treron_sieboldii
DSCN1439.JPG,Treron_sieboldii
DSCN1443.JPG,Treron_sieboldii
DSCN1444.JPG,Treron_sieboldii
DSCN1445.JPG,Streptopelia_tranquebarica
DSCN1446.JPG,Streptopelia_tranquebarica
DSCN1447.JPG,Dicrurus_macrocercus
DSCN1448.JPG,Dicrurus_macrocercus
DSCN1449.JPG,Dicrurus_macrocercus
DSCN1450.JPG,Dicrurus_macrocercus
DSCN1451.JPG,Dicrurus_macrocercus
DSCN1453.JPG,Pycnonotus_taivanus
DSCN1455.JPG,Pycnonotus_taivanus
DSCN1456.JPG,Pycnonotus_taivanus
DSCN1457.JPG,Pycnonotus_taivanus
DSCN1458.JPG,Pycnonotus_taivanus
DSCN1459.JPG,Dicrurus_macrocercus
DSCN1460.JPG,Dicrurus_macrocercus
DSCN1461.JPG,Dicrurus_macrocercus
DSCN1463.JPG,Treron_sieboldii
DSCN1470.JPG,Spilopelia_chinensis
DSCN1472.JPG,Passer_montanus
DSCN1473.JPG,Passer_montanus
DSCN1477.JPG,Streptopelia_tranquebarica
DSCN1479.JPG,Streptopelia_tranquebarica
DSCN1492.JPG,Gorsachius_melanolophus
DSCN1493.JPG,Gorsachius_melanolophus
DSCN1495.JPG,Oriolus_traillii
DSCN1496.JPG,Oriolus_traillii
DSCN1497.JPG,Pycnonotus_taivanus
DSCN1502.JPG,Zosterops_japonicus
DSCN1503.JPG,Zosterops_japonicus
DSCN1504.JPG,Zosterops_japonicus
DSCN1509.JPG,Streptopelia_tranquebarica
DSCN1523.JPG,Dicrurus_aeneus
DSCN1528.JPG,Streptopelia_tranquebarica
DSCN1532.JPG,Streptopelia_tranquebarica
DSCN1533.JPG,Streptopelia_tranquebarica
DSCN1534.JPG,Streptopelia_tranquebarica
DSCN1535.JPG,Dicrurus_aeneus
DSCN1541.JPG,Dicrurus_aeneus
DSCN1545.JPG,Pycnonotus_taivanus
DSCN1550.JPG,Gorsachius_melanolophus
DSCN1554.JPG,Dicrurus_aeneus
DSCN1560.JPG,Dicrurus_aeneus
DSCN1565.JPG,Dicrurus_aeneus
DSCN1566.JPG,Dicrurus_aeneus
DSCN1569.JPG,Dicrurus_aeneus
DSCN1571.JPG,Dendrocitta_formosae
DSCN1573.JPG,Dicrurus_aeneus
DSCN1574.JPG,Dicrurus_aeneus
DSCN1575.JPG,Dicrurus_aeneus
DSCN1577.JPG,Dicrurus_aeneus
DSCN1578.JPG,Psilopogon_nuchalis
DSCN1579.JPG,Psilopogon_nuchalis
DSCN1580.JPG,Gorsachius_melanolophus
DSCN1583.JPG,Hypothymis_azurea
DSCN1584.JPG,Hypothymis_azurea
DSCN1592.JPG,Streptopelia_tranquebarica
DSCN1595.JPG,Passer_montanus
DSCN1600.JPG,Streptopelia_tranquebarica
DSCN1601.JPG,Pycnonotus_taivanus
DSCN1602.JPG,Zosterops_japonicus
DSCN1604.JPG,Zosterops_japonicus
DSCN1605.JPG,Zosterops_japonicus
DSCN1607.JPG,Zosterops_japonicus
DSCN1608.JPG,Zosterops_japonicus
DSCN1609.JPG,Zosterops_japonicus
DSCN1610.JPG,Zosterops_japonicus
DSCN1612.JPG,Zosterops_japonicus
DSCN1613.JPG,Zosterops_japonicus
DSCN1614.JPG,Zosterops_japonicus
DSCN1615.JPG,Zosterops_japonicus
DSCN1616.JPG,Zosterops_japonicus
DSCN1618.JPG,Cuculus_optatus
DSCN1619.JPG,Cuculus_optatus
DSCN1620.JPG,Streptopelia_tranquebarica
DSCN1621.JPG,Streptopelia_tranquebarica
DSCN1624.JPG,Treron_sieboldii
DSCN1635.JPG,Dicrurus_aeneus
DSCN1638.JPG,Dicrurus_aeneus
DSCN1645.JPG,Streptopelia_tranquebarica
DSCN1646.JPG,Streptopelia_tranquebarica
DSCN1647.JPG,Streptopelia_tranquebarica
DSCN1649.JPG,Streptopelia_tranquebarica
DSCN1651.JPG,Dicrurus_macrocercus
DSCN1652.JPG,Dicrurus_macrocercus
DSCN1655.JPG,Streptopelia_tranquebarica
DSCN1656.JPG,Streptopelia_tranquebarica
DSCN1658.JPG,Hypsipetes_leucocephalus
DSCN1659.JPG,Hypsipetes_leucocephalus
DSCN1661.JPG,Treron_sieboldii
DSCN1663.JPG,Psilopogon_nuchalis
DSCN1668.JPG,Streptopelia_tranquebarica
DSCN1671.JPG,Streptopelia_tranquebarica
DSCN1673.JPG,Streptopelia_tranquebarica
DSCN1675.JPG,Streptopelia_tranquebarica
DSCN1678.JPG,Streptopelia_tranquebarica
DSCN1679.JPG,Oriolus_traillii
DSCN1681.JPG,Oriolus_traillii
DSCN1682.JPG,Oriolus_traillii
DSCN1683.JPG,Oriolus_traillii
DSCN1684.JPG,Oriolus_traillii
DSCN1687.JPG,Oriolus_traillii
DSCN1688.JPG,Oriolus_traillii
DSCN1689.JPG,Oriolus_traillii
DSCN1690.JPG,Oriolus_traillii
DSCN1692.JPG,Oriolus_traillii
DSCN1693.JPG,Oriolus_traillii
DSCN1694.JPG,Oriolus_traillii
DSCN1695.JPG,Oriolus_traillii
DSCN1696.JPG,Oriolus_traillii
DSCN1698.JPG,Gorsachius_melanolophus
DSCN1701.JPG,Gorsachius_melanolophus
DSCN1704.JPG,Streptopelia_tranquebarica
DSCN1706.JPG,Streptopelia_tranquebarica
DSCN1707.JPG,Streptopelia_tranquebarica
DSCN1708.JPG,Streptopelia_tranquebarica
DSCN1709.JPG,Gorsachius_melanolophus
DSCN1710.JPG,Gorsachius_melanolophus
DSCN1712.JPG,Gorsachius_melanolophus
DSCN1713.JPG,Passer_montanus
DSCN1714.JPG,Gorsachius_melanolophus
DSCN1715.JPG,Gorsachius_melanolophus
DSCN1716.JPG,Gorsachius_melanolophus
DSCN1719.JPG,Passer_montanus
DSCN1720.JPG,Passer_montanus
DSCN1721.JPG,Dicrurus_macrocercus
DSCN1722.JPG,Dicrurus_macrocercus
DSCN1723.JPG,Dicrurus_macrocercus
DSCN1724.JPG,Treron_sieboldii
DSCN1725.JPG,Treron_sieboldii
DSCN1726.JPG,Treron_sieboldii
DSCN1727.JPG,Pycnonotus_taivanus
DSCN1732.JPG,Amaurornis_phoenicurus
DSCN1746.JPG,Pycnonotus_taivanus
DSCN1747.JPG,Cuculus_optatus
DSCN1748.JPG,Cuculus_optatus
DSCN1749.JPG,Cuculus_optatus
DSCN1750.JPG,Hypsipetes_leucocephalus
DSCN1751.JPG,Hypsipetes_leucocephalus
DSCN1752.JPG,Passer_montanus
DSCN1753.JPG,Passer_montanus
DSCN1754.JPG,Passer_montanus
DSCN1755.JPG,Passer_montanus
DSCN1756.JPG,Passer_montanus
DSCN1758.JPG,Passer_montanus
DSCN1759.JPG,Passer_montanus
DSCN1760.JPG,Passer_montanus
DSCN1762.JPG,Passer_montanus
DSCN1763.JPG,Streptopelia_tranquebarica
DSCN1764.JPG,Streptopelia_tranquebarica
DSCN1765.JPG,Streptopelia_tranquebarica
DSCN1768.JPG,Streptopelia_tranquebarica
DSCN1769.JPG,Streptopelia_tranquebarica
DSCN1773.JPG,Passer_montanus
DSCN1774.JPG,Passer_montanus
DSCN1775.JPG,Passer_montanus
DSCN1776.JPG,Pycnonotus_taivanus
DSCN1777.JPG,Pycnonotus_taivanus
DSCN1778.JPG,Pycnonotus_taivanus
DSCN1779.JPG,Gorsachius_melanolophus
DSCN1780.JPG,Gorsachius_melanolophus
DSCN1781.JPG,Gorsachius_melanolophus
DSCN1782.JPG,Gorsachius_melanolophus
DSCN1783.JPG,Gorsachius_melanolophus
DSCN1784.JPG,Gorsachius_melanolophus
DSCN1785.JPG,Treron_sieboldii
DSCN1787.JPG,Treron_sieboldii
DSCN1788.JPG,Streptopelia_tranquebarica
DSCN1789.JPG,Streptopelia_tranquebarica
DSCN1794.JPG,Pycnonotus_taivanus
DSCN1795.JPG,Dicrurus_macrocercus
DSCN1796.JPG,Dicrurus_macrocercus
DSCN1797.JPG,Streptopelia_tranquebarica
DSCN1798.JPG,Streptopelia_tranquebarica
DSCN1799.JPG,Streptopelia_tranquebarica
DSCN1800.JPG,Streptopelia_tranquebarica
DSCN1801.JPG,Streptopelia_tranquebarica
DSCN1802.JPG,Pycnonotus_taivanus
DSCN1803.JPG,Passer_montanus
DSCN1806.JPG,Passer_montanus
DSCN1809.JPG,Pycnonotus_taivanus
DSCN1810.JPG,Streptopelia_tranquebarica
DSCN1812.JPG,Gorsachius_melanolophus
DSCN1813.JPG,Gorsachius_melanolophus
DSCN1814.JPG,Pycnonotus_taivanus
DSCN1815.JPG,Dendrocitta_formosae
DSCN1816.JPG,Dendrocitta_formosae
DSCN1817.JPG,Dendrocitta_formosae
DSCN1818.JPG,Streptopelia_tranquebarica
DSCN1819.JPG,Treron_sieboldii
DSCN1820.JPG,Oriolus_traillii
DSCN1821.JPG,Oriolus_traillii
DSCN1822.JPG,Oriolus_traillii
DSCN1825.JPG,Treron_sieboldii
DSCN1826.JPG,Treron_sieboldii
DSCN1828.JPG,Treron_sieboldii
DSCN1829.JPG,Treron_sieboldii
DSCN1830.JPG,Gorsachius_melanolophus
DSCN1831.JPG,Gorsachius_melanolophus
DSCN1834.JPG,Dicrurus_aeneus
DSCN1835.JPG,Dicrurus_aeneus
DSCN1836.JPG,Dicrurus_aeneus
DSCN1837.JPG,Dicrurus_aeneus
DSCN1838.JPG,Dicrurus_aeneus
DSCN1839.JPG,Dicrurus_aeneus
DSCN1840.JPG,Dicrurus_aeneus
DSCN1842.JPG,Oriolus_traillii
DSCN1843.JPG,Dicrurus_aeneus
FSCN0543.JPG,Spilornis_cheela
FSCN0544.JPG,Spilornis_cheela
FSCN0950.JPG,Turdus_chrysolaus
FSCN0951.JPG,Passer_montanus
FSCN1524.JPG,Dicrurus_aeneus
FSCN1525.JPG,Dicrurus_aeneus
FSCN1526.JPG,Dicrurus_aeneus
